,Energy In Bat 1,Energy In Bat 2,Energy In Bat 3,Energy Out Bat 1,Energy Out Bat 2,Energy Out Bat 3,PV Energy 1,PV Energy 2,PV Energy 3,Energy Gen 
2016-01-01,58.0,57.0,56.0,51.0,50.0,51.0,88.61,88.72,88.08,0.0
2016-01-02,54.0,53.0,54.0,47.0,47.0,47.0,81.34,81.26,80.44,0.0
2016-01-03,53.0,53.0,53.0,47.0,46.0,47.0,82.13,82.37,81.62,0.0
2016-01-04,33.0,33.0,32.0,50.0,47.0,50.0,55.23,55.46,55.22,0.0
2016-01-05,71.0,67.0,71.0,48.0,45.0,48.0,52.64,52.49,52.5,134.3
2016-01-06,41.0,41.0,41.0,52.0,54.0,52.0,63.5,63.5,62.88,0.0
2016-01-07,71.0,71.0,70.0,39.0,38.0,39.0,69.75,69.99,69.82,107.2
2016-01-08,48.0,49.0,46.0,45.0,45.0,43.0,73.83,74.09,73.96,0.0
2016-01-09,30.0,28.0,29.0,43.0,45.0,43.0,52.91,53.02,52.61,0.0
2016-01-10,66.0,72.0,64.0,39.0,39.0,39.0,54.08,54.32,54.68,136.3
2016-01-11,49.0,49.0,47.0,42.0,43.0,40.0,79.08,79.13,78.54,0.0
2016-01-12,48.0,49.0,47.0,42.0,42.0,42.0,77.46,77.5,78.57,0.0
2016-01-13,29.0,27.0,28.0,55.0,56.0,53.0,44.88,44.58,44.71,0.0
2016-01-14,73.0,75.0,71.0,36.0,34.0,36.0,68.13,68.8,69.29,112.8
2016-01-15,48.0,47.0,45.0,41.0,41.0,40.0,74.33,74.09,74.05,0.0
2016-01-16,49.0,49.0,49.0,43.0,43.0,43.0,75.31,75.0,74.96,0.0
2016-01-17,47.0,47.0,45.0,43.0,43.0,44.0,74.11,73.9,73.68,0.0
2016-01-18,50.0,50.0,50.0,45.0,45.0,44.0,76.52,78.52,78.48,0.0
2016-01-19,47.0,48.0,46.0,42.0,42.0,42.0,78.88,78.24,79.05,0.0
2016-01-20,48.0,50.0,48.0,44.0,44.0,43.0,79.27,80.8,82.48,0.0
2016-01-21,48.0,49.0,47.0,42.0,43.0,42.0,78.57,79.27,79.28,0.0
2016-01-22,47.0,48.0,45.0,43.0,43.0,41.0,79.68,78.22,79.4,0.0
2016-01-23,47.0,49.0,45.0,45.0,46.0,45.0,77.57,76.76,78.9,0.0
2016-01-24,50.0,51.0,48.0,45.0,45.0,44.0,84.56,82.68,84.17,0.0
2016-01-25,35.0,34.0,33.0,45.0,47.0,47.0,60.05,58.78,59.61,0.0
2016-01-26,49.0,62.0,62.0,29.0,48.0,49.0,50.51,48.99,48.5,150.9
2016-01-27,48.0,53.0,50.0,50.0,43.0,40.0,42.38,43.41,45.8,123.2
2016-01-28,59.0,47.0,40.0,60.0,34.0,31.0,43.38,42.8,42.67,120.0
2016-01-29,33.0,29.0,31.0,44.0,57.0,52.0,55.27,54.28,54.61,0.0
2016-01-30,66.0,67.0,61.0,42.0,44.0,44.0,57.97,57.24,57.35,115.2
2016-01-31,53.0,59.0,50.0,45.0,44.0,42.0,83.12,81.53,82.06,0.0
2016-02-01,45.0,46.0,42.0,42.0,43.0,39.0,70.61,69.62,70.25,0.0
2016-02-02,36.0,36.0,34.0,44.0,45.0,44.0,59.47,58.4,58.88,0.0
2016-02-03,39.0,35.0,37.0,46.0,44.0,47.0,61.76,60.83,61.2,0.0
2016-02-04,64.0,65.0,68.0,43.0,41.0,44.0,46.91,46.39,46.52,147.8
2016-02-05,46.0,45.0,42.0,43.0,43.0,39.0,72.66,71.61,72.05,0.0
2016-02-06,28.0,28.0,27.0,47.0,48.0,47.0,52.92,52.3,52.63,0.0
2016-02-07,62.0,65.0,63.0,41.0,39.0,43.0,65.21,61.51,54.77,115.9
2016-02-08,51.0,51.0,48.0,47.0,49.0,44.0,88.16,83.42,82.09,0.0
2016-02-09,34.0,33.0,33.0,50.0,51.0,49.0,62.61,61.04,61.75,0.0
2016-02-10,66.0,59.0,64.0,38.0,35.0,40.0,65.3,66.63,68.53,107.2
2016-02-11,49.0,49.0,45.0,44.0,43.0,40.0,75.94,74.59,75.61,0.0
2016-02-12,47.0,48.0,44.0,43.0,44.0,41.0,76.38,73.71,73.48,0.0
2016-02-13,50.0,52.0,45.0,46.0,47.0,44.0,80.37,78.12,79.69,0.0
2016-02-14,52.0,51.0,52.0,41.0,44.0,38.0,25.8,25.57,25.55,180.5
2016-02-15,41.0,43.0,34.0,44.0,42.0,44.0,67.28,66.98,67.47,0.0
2016-02-16,52.0,53.0,47.0,47.0,47.0,46.0,82.15,82.26,81.96,0.0
2016-02-17,53.0,54.0,50.0,48.0,48.0,45.0,86.0,83.91,85.48,0.0
2016-02-18,53.0,53.0,49.0,51.0,52.0,49.0,80.23,78.62,80.05,0.0
2016-02-19,57.0,59.0,51.0,49.0,49.0,46.0,89.71,87.75,88.7,0.0
2016-02-20,25.0,24.0,25.0,52.0,52.0,48.0,49.99,49.16,49.42,0.0
2016-02-21,74.0,75.0,69.0,42.0,41.0,42.0,74.46,73.17,73.9,104.3
2016-02-22,55.0,56.0,49.0,48.0,48.0,45.0,86.54,84.32,84.46,0.0
2016-02-23,54.0,58.0,53.0,34.0,34.0,34.0,31.14,30.91,30.98,199.8
2016-02-24,34.0,33.0,34.0,59.0,60.0,53.0,56.92,55.91,56.45,0.0
2016-02-25,73.0,78.0,62.0,44.0,44.0,42.0,72.02,70.16,71.89,104.3
2016-02-26,40.0,42.0,39.0,51.0,46.0,49.0,69.16,67.77,68.5,0.0
2016-02-27,73.0,71.0,68.0,50.0,51.0,44.0,10.12,10.07,10.02,279.0
2016-02-28,32.0,32.0,27.0,50.0,47.0,49.0,53.92,53.02,53.58,5.0
2016-02-29,66.0,69.0,56.0,44.0,49.0,44.0,47.76,47.49,48.13,135.6
2016-03-01,53.0,56.0,47.0,48.0,47.0,44.0,78.72,76.71,77.7,0.0
2016-03-02,50.0,49.0,47.0,53.0,54.0,52.0,72.42,71.25,71.7,0.0
2016-03-03,69.0,68.0,58.0,54.0,54.0,51.0,51.37,50.62,51.1,125.0
2016-03-04,56.0,56.0,56.0,43.0,44.0,39.0,34.73,34.24,34.35,175.9
2016-03-05,16.0,16.0,15.0,53.0,52.0,53.0,36.0,35.45,35.64,4.4
2016-03-06,54.0,53.0,52.0,48.0,48.0,46.0,41.52,40.84,41.16,128.7
2016-03-07,70.0,71.0,57.0,47.0,44.0,44.0,55.92,55.07,55.72,129.7
2016-03-08,65.0,70.0,54.0,51.0,52.0,49.0,47.35,46.56,46.96,134.0
2016-03-09,33.0,33.0,33.0,52.0,52.0,50.0,58.19,57.1,57.69,0.0
2016-03-10,75.0,77.0,64.0,42.0,43.0,41.0,67.73,65.85,66.82,118.2
2016-03-11,54.0,54.0,49.0,49.0,50.0,47.0,79.63,78.41,79.36,0.0
2016-03-12,51.0,52.0,48.0,52.0,53.0,53.0,77.66,76.1,77.06,0.0
2016-03-13,63.0,68.0,60.0,51.0,52.0,52.0,47.6,47.98,50.52,134.2
2016-03-14,59.0,61.0,54.0,51.0,51.0,50.0,85.44,85.49,89.32,0.0
2016-03-15,57.0,60.0,52.0,51.0,52.0,49.0,84.73,82.96,86.61,0.0
2016-03-16,58.0,60.0,51.0,51.0,51.0,50.0,86.88,86.05,89.37,0.0
2016-03-17,58.0,60.0,53.0,52.0,53.0,51.0,88.79,89.07,89.06,0.0
2016-03-18,60.0,63.0,56.0,56.0,56.0,54.0,91.93,90.46,90.36,0.0
2016-03-19,65.0,68.0,62.0,60.0,61.0,59.0,60.09,59.08,59.65,107.0
2016-03-20,56.0,55.0,53.0,61.0,62.0,58.0,40.01,39.28,39.53,120.2
2016-03-21,54.0,54.0,53.0,47.0,48.0,45.0,39.55,38.93,39.15,140.8
2016-03-22,58.0,61.0,52.0,47.0,45.0,48.0,35.64,35.08,35.36,164.9
2016-03-23,58.0,59.0,59.0,54.0,56.0,51.0,43.61,42.74,43.34,135.3
2016-03-24,68.0,70.0,60.0,55.0,55.0,53.0,47.79,46.96,47.42,144.1
2016-03-25,50.0,50.0,50.0,56.0,56.0,54.0,79.12,77.68,78.72,0.0
2016-03-26,65.0,68.0,62.0,49.0,50.0,51.0,59.77,58.03,58.64,119.1
2016-03-27,44.0,44.0,43.0,60.0,61.0,57.0,32.43,31.96,32.13,114.1
2016-03-28,68.0,63.0,62.0,44.0,47.0,49.0,41.75,41.07,41.5,167.9
2016-03-29,53.0,60.0,53.0,48.0,43.0,44.0,36.47,35.98,36.24,168.1
2016-03-30,58.0,60.0,56.0,52.0,53.0,51.0,86.04,84.95,85.93,0.0
2016-03-31,55.0,57.0,52.0,51.0,51.0,50.0,85.12,83.06,84.03,0.0
2016-04-01,57.0,61.0,55.0,54.0,55.0,54.0,85.47,84.26,85.15,0.0
2016-04-02,58.0,59.0,57.0,53.0,55.0,53.0,86.57,85.27,86.27,0.0
2016-04-03,55.0,56.0,56.0,55.0,56.0,57.0,85.44,83.9,85.0,0.0
2016-04-04,61.0,66.0,61.0,55.0,55.0,53.0,62.16,63.28,63.74,98.4
2016-04-05,65.0,68.0,58.0,55.0,57.0,53.0,59.81,59.6,54.39,117.9
2016-04-06,61.0,66.0,55.0,58.0,59.0,56.0,92.62,90.2,91.57,0.0
2016-04-07,59.0,60.0,59.0,57.0,59.0,55.0,84.71,83.29,84.81,15.9
2016-04-08,64.0,69.0,61.0,57.0,58.0,56.0,67.6,67.26,67.79,91.6
2016-04-09,66.0,70.0,60.0,59.0,63.0,56.0,67.33,66.37,67.73,94.0
2016-04-10,43.0,44.0,43.0,60.0,57.0,59.0,70.01,68.9,69.46,0.0
2016-04-11,66.0,65.0,65.0,51.0,49.0,50.0,45.83,44.85,45.34,165.3
2016-04-12,63.0,66.0,63.0,46.0,46.0,51.0,48.78,47.69,48.53,150.0
2016-04-13,57.0,61.0,57.0,55.0,56.0,53.0,36.69,35.92,36.22,152.8
2016-04-14,28.0,27.0,28.0,56.0,57.0,55.0,51.39,50.43,51.02,5.6
2016-04-15,84.0,89.0,84.0,47.0,47.0,49.0,52.01,49.4,49.13,225.5
2016-04-16,60.0,65.0,60.0,58.0,59.0,58.0,65.33,61.66,61.11,96.8
2016-04-17,64.0,65.0,63.0,57.0,60.0,56.0,65.8,64.65,65.61,97.7
2016-04-18,61.0,65.0,59.0,53.0,55.0,54.0,56.97,56.99,57.07,118.9
2016-04-19,62.0,65.0,60.0,60.0,60.0,56.0,61.73,60.67,62.07,103.4
2016-04-20,66.0,65.0,64.0,52.0,54.0,49.0,21.83,21.66,21.63,244.1
2016-04-21,51.0,55.0,41.0,55.0,56.0,55.0,51.97,50.78,51.28,74.1
2016-04-22,53.0,53.0,51.0,55.0,54.0,55.0,41.17,40.41,40.86,128.7
2016-04-23,63.0,64.0,65.0,48.0,48.0,50.0,53.69,52.14,52.72,149.5
2016-04-24,59.0,62.0,58.0,52.0,53.0,51.0,57.44,56.03,56.79,123.1
2016-04-25,61.0,61.0,59.0,58.0,57.0,56.0,60.71,59.75,60.41,89.7
2016-04-26,58.0,59.0,54.0,57.0,54.0,55.0,38.07,37.55,37.73,156.9
2016-04-27,66.0,62.0,62.0,53.0,53.0,52.0,51.29,50.3,51.17,128.8
2016-04-28,65.0,67.0,61.0,56.0,55.0,53.0,53.59,52.58,53.17,123.8
2016-04-29,60.0,63.0,57.0,54.0,54.0,52.0,91.1,88.04,90.38,0.0
2016-04-30,60.0,60.0,57.0,56.0,57.0,56.0,87.2,83.14,86.09,0.0
2016-05-01,63.0,65.0,60.0,55.0,54.0,53.0,43.16,42.73,43.06,147.0
2016-05-02,62.0,65.0,59.0,56.0,57.0,54.0,69.7,68.05,69.1,63.7
2016-05-03,61.0,64.0,58.0,55.0,55.0,57.0,41.13,40.31,40.78,137.7
2016-05-04,62.0,64.0,62.0,56.0,56.0,54.0,53.98,53.6,54.42,113.5
2016-05-05,45.0,45.0,43.0,58.0,55.0,58.0,69.87,68.14,69.11,0.0
2016-05-06,72.0,71.0,71.0,50.0,49.0,49.0,20.83,20.56,20.59,264.5
2016-05-07,36.0,36.0,36.0,56.0,54.0,56.0,36.37,35.73,36.08,75.5
2016-05-08,87.0,84.0,83.0,44.0,44.0,46.0,15.16,15.01,14.98,329.5
2016-05-09,56.0,56.0,55.0,49.0,48.0,48.0,27.62,27.15,27.36,187.1
2016-05-10,40.0,40.0,40.0,51.0,50.0,57.0,34.79,34.18,34.48,97.1
2016-05-11,27.0,27.0,28.0,56.0,56.0,52.0,30.75,30.21,30.48,64.0
2016-05-12,67.0,67.0,64.0,48.0,48.0,47.0,46.88,46.08,46.62,156.1
2016-05-13,54.0,53.0,52.0,54.0,54.0,54.0,24.44,24.08,24.17,176.2
2016-05-14,70.0,70.0,71.0,50.0,50.0,51.0,22.74,22.5,22.53,269.9
2016-05-15,51.0,55.0,49.0,69.0,69.0,68.0,63.07,63.32,63.9,46.1
2016-05-16,70.0,73.0,67.0,54.0,54.0,54.0,53.36,52.68,53.27,162.6
2016-05-17,55.0,57.0,54.0,61.0,57.0,58.0,31.07,30.59,30.77,159.1
2016-05-18,81.0,79.0,76.0,28.0,26.0,29.0,41.72,41.02,41.3,274.1
2016-05-19,41.0,40.0,42.0,52.0,52.0,50.0,18.84,18.72,18.71,175.9
2016-05-20,45.0,44.0,44.0,49.0,48.0,49.0,22.88,22.65,22.64,172.0
2016-05-21,53.0,59.0,49.0,56.0,57.0,58.0,31.52,31.24,31.32,147.2
2016-05-22,71.0,71.0,71.0,50.0,50.0,49.0,20.44,20.31,20.26,271.8
2016-05-23,48.0,51.0,45.0,53.0,54.0,52.0,61.48,60.17,60.28,40.8
2016-05-24,56.0,59.0,54.0,49.0,49.0,49.0,37.51,37.03,32.67,154.9
2016-05-25,62.0,63.0,58.0,57.0,58.0,55.0,48.04,48.08,48.68,122.2
2016-05-26,56.0,56.0,53.0,66.0,66.0,67.0,27.2,27.04,27.41,146.0
2016-05-27,84.0,84.0,82.0,61.0,60.0,59.0,20.34,20.29,20.46,281.8
2016-05-28,96.0,99.0,94.0,27.0,28.0,28.0,33.23,33.06,33.6,349.2
2016-05-29,12.0,11.0,11.0,57.0,58.0,56.0,18.06,18.06,18.15,57.7
2016-05-30,61.0,60.0,59.0,56.0,57.0,55.0,21.78,21.76,21.76,200.5
2016-05-31,69.0,73.0,64.0,63.0,64.0,62.0,26.89,26.78,26.94,191.0
2016-06-01,39.0,37.0,38.0,52.0,56.0,51.0,22.73,22.66,22.76,117.2
2016-06-02,79.0,86.0,75.0,55.0,53.0,56.0,16.87,16.82,16.85,269.6
2016-06-03,53.0,54.0,52.0,53.0,53.0,52.0,28.9,28.76,28.98,162.8
2016-06-04,51.0,51.0,50.0,52.0,52.0,52.0,19.01,19.04,19.06,183.4
2016-06-05,53.0,55.0,53.0,52.0,49.0,50.0,23.12,23.01,23.11,183.5
2016-06-06,78.0,75.0,74.0,41.0,41.0,44.0,17.06,17.02,17.02,306.1
2016-06-07,55.0,55.0,58.0,42.0,43.0,48.0,33.86,33.68,33.95,172.8
2016-06-08,20.0,20.0,20.0,63.0,61.0,59.0,37.58,37.43,37.74,2.3
2016-06-09,68.0,69.0,70.0,49.0,48.0,54.0,48.08,47.81,48.31,164.8
2016-06-10,63.0,65.0,61.0,47.0,54.0,49.0,41.18,41.06,41.69,173.9
2016-06-11,57.0,64.0,56.0,52.0,50.0,53.0,33.68,33.46,33.64,170.8
2016-06-12,63.0,60.0,63.0,52.0,52.0,52.0,37.1,40.02,40.74,160.8
2016-06-13,49.0,48.0,49.0,60.0,58.0,61.0,71.61,71.41,72.02,0.0
2016-06-14,69.0,68.0,65.0,52.0,51.0,52.0,42.67,45.2,45.55,169.9
2016-06-15,60.0,59.0,58.0,62.0,61.0,62.0,40.27,39.94,40.25,132.6
2016-06-16,54.0,52.0,54.0,59.0,58.0,58.0,28.61,28.48,28.66,171.6
2016-06-17,54.0,54.0,52.0,57.0,55.0,58.0,27.15,27.03,27.2,171.6
2016-06-18,77.0,76.0,75.0,55.0,53.0,55.0,52.99,52.34,53.26,173.6
2016-06-19,77.0,75.0,77.0,52.0,51.0,52.0,21.26,21.17,21.25,286.5
2016-06-20,54.0,54.0,53.0,55.0,51.0,60.0,28.54,28.41,28.61,165.9
2016-06-21,50.0,50.0,53.0,61.0,59.0,62.0,52.51,51.74,51.85,75.2
2016-06-22,70.0,64.0,68.0,50.0,49.0,51.0,45.18,45.14,45.51,169.5
2016-06-23,60.0,57.0,58.0,54.0,50.0,53.0,35.24,35.13,35.4,164.4
2016-06-24,66.0,62.0,63.0,55.0,53.0,56.0,42.97,42.63,42.99,157.8
2016-06-25,61.0,60.0,60.0,61.0,59.0,60.0,17.83,17.78,17.75,219.7
2016-06-26,80.0,76.0,75.0,45.0,42.0,46.0,15.33,15.31,15.26,313.3
2016-06-27,43.0,43.0,44.0,51.0,52.0,56.0,17.95,17.9,17.91,183.5
2016-06-28,53.0,49.0,52.0,66.0,64.0,66.0,22.81,22.72,22.81,155.0
2016-06-29,72.0,71.0,70.0,44.0,41.0,49.0,25.25,25.54,25.19,259.0
2016-06-30,44.0,45.0,46.0,55.0,55.0,57.0,56.76,56.56,56.98,42.8
2016-07-01,63.0,59.0,61.0,48.0,46.0,50.0,37.36,36.46,36.48,166.9
2016-07-02,59.0,56.0,55.0,51.0,48.0,56.0,31.92,33.85,34.96,165.3
2016-07-03,59.0,56.0,62.0,52.0,49.0,54.0,35.89,40.43,38.36,163.0
2016-07-04,59.0,57.0,58.0,58.0,55.0,59.0,32.96,32.73,32.98,161.0
2016-07-05,73.0,71.0,72.0,55.0,51.0,54.0,15.44,15.44,15.38,276.5
2016-07-06,54.0,46.0,48.0,55.0,50.0,56.0,56.77,56.7,57.18,60.7
2016-07-07,61.0,54.0,55.0,48.0,45.0,51.0,35.31,35.08,35.31,164.3
2016-07-08,57.0,52.0,60.0,52.0,49.0,52.0,35.92,35.21,35.12,160.7
2016-07-09,61.0,58.0,59.0,56.0,52.0,56.0,39.47,39.82,41.61,154.6
2016-07-10,62.0,57.0,58.0,51.0,48.0,51.0,40.5,40.25,40.51,163.4
2016-07-11,61.0,57.0,57.0,55.0,52.0,55.0,40.19,39.87,40.26,152.4
2016-07-12,60.0,56.0,58.0,63.0,58.0,62.0,32.51,32.78,32.65,163.0
2016-07-13,68.0,65.0,66.0,58.0,55.0,58.0,45.08,45.03,45.13,165.4
2016-07-14,62.0,59.0,59.0,51.0,49.0,52.0,43.48,43.27,43.48,167.6
2016-07-15,70.0,69.0,70.0,60.0,54.0,59.0,18.54,18.43,18.47,258.5
2016-07-16,62.0,58.0,60.0,52.0,55.0,52.0,38.31,38.01,38.26,179.1
2016-07-17,44.0,44.0,42.0,63.0,53.0,63.0,44.3,44.01,44.35,87.1
2016-07-18,66.0,58.0,64.0,52.0,49.0,54.0,52.27,52.61,53.42,138.9
2016-07-19,66.0,61.0,66.0,54.0,54.0,54.0,28.38,28.27,28.36,220.4
2016-07-20,56.0,56.0,57.0,59.0,54.0,61.0,55.81,55.61,56.31,98.3
2016-07-21,67.0,60.0,61.0,54.0,47.0,49.0,40.59,41.8,43.97,173.3
2016-07-22,59.0,49.0,53.0,50.0,48.0,53.0,33.9,33.61,33.75,162.9
2016-07-23,61.0,56.0,63.0,57.0,52.0,59.0,44.12,43.79,44.08,155.0
2016-07-24,64.0,59.0,62.0,54.0,49.0,54.0,46.72,46.43,46.56,166.8
2016-07-25,60.0,55.0,58.0,56.0,51.0,56.0,41.75,41.41,41.68,166.2
2016-07-26,58.0,57.0,58.0,61.0,57.0,61.0,34.08,33.88,34.09,168.2
2016-07-27,70.0,65.0,65.0,52.0,51.0,52.0,47.63,47.17,47.5,164.7
2016-07-28,63.0,55.0,62.0,54.0,47.0,55.0,41.59,41.48,41.41,162.7
2016-07-29,59.0,49.0,58.0,55.0,52.0,55.0,37.79,37.47,37.53,156.8
2016-07-30,63.0,58.0,62.0,53.0,50.0,53.0,44.95,44.53,44.81,165.4
2016-07-31,59.0,55.0,58.0,52.0,48.0,52.0,42.85,42.23,42.49,167.2
2016-08-01,59.0,54.0,58.0,50.0,47.0,51.0,38.82,38.25,38.65,165.8
2016-08-02,59.0,54.0,57.0,53.0,51.0,53.0,37.49,37.7,37.58,166.4
2016-08-03,59.0,55.0,59.0,54.0,50.0,55.0,40.84,41.63,44.34,167.1
2016-08-04,62.0,56.0,60.0,52.0,49.0,51.0,43.16,42.74,42.8,167.4
2016-08-05,58.0,54.0,57.0,52.0,48.0,52.0,41.35,40.87,41.26,166.4
2016-08-06,60.0,55.0,59.0,58.0,55.0,61.0,39.27,38.98,38.87,167.3
2016-08-07,87.0,82.0,86.0,54.0,49.0,53.0,13.47,13.43,13.41,347.3
2016-08-08,37.0,40.0,37.0,73.0,78.0,74.0,14.13,14.07,14.06,128.1
2016-08-09,65.0,64.0,64.0,56.0,54.0,57.0,45.61,45.34,45.71,164.0
2016-08-10,72.0,64.0,71.0,54.0,50.0,54.0,53.25,52.75,52.65,163.7
2016-08-11,60.0,54.0,59.0,52.0,49.0,52.0,42.39,41.87,42.37,162.9
2016-08-12,60.0,54.0,59.0,59.0,55.0,59.0,39.0,38.52,38.84,157.8
2016-08-13,62.0,58.0,61.0,53.0,51.0,54.0,47.73,47.12,47.53,168.5
2016-08-14,59.0,58.0,58.0,54.0,55.0,54.0,45.68,45.96,44.73,173.5
2016-08-15,60.0,60.0,59.0,54.0,53.0,54.0,47.17,47.89,48.79,176.5
2016-08-16,60.0,60.0,59.0,53.0,53.0,53.0,48.39,47.74,48.29,177.7
2016-08-17,58.0,58.0,52.0,53.0,56.0,51.0,47.04,46.94,47.76,169.7
2016-08-18,61.0,63.0,62.0,52.0,54.0,61.0,50.65,51.0,50.86,166.6
2016-08-19,59.0,61.0,67.0,53.0,57.0,61.0,50.07,49.37,48.51,168.6
2016-08-20,57.0,59.0,64.0,54.0,56.0,61.0,46.31,45.65,46.16,168.8
2016-08-21,60.0,61.0,66.0,49.0,48.0,51.0,48.6,46.64,46.24,167.3
2016-08-22,61.0,56.0,63.0,43.0,39.0,43.0,38.58,37.95,38.36,195.2
2016-08-23,62.0,53.0,62.0,59.0,51.0,59.0,49.21,48.59,49.05,133.0
2016-08-24,62.0,56.0,62.0,60.0,55.0,61.0,44.89,44.44,44.8,151.1
2016-08-25,61.0,54.0,62.0,54.0,51.0,55.0,42.14,41.6,41.91,161.5
2016-08-26,61.0,55.0,61.0,57.0,54.0,57.0,51.89,51.18,51.55,135.6
2016-08-27,62.0,56.0,63.0,60.0,56.0,60.0,51.34,50.6,51.01,145.3
2016-08-28,79.0,76.0,79.0,56.0,56.0,55.0,17.37,17.3,17.23,307.5
2016-08-29,54.0,52.0,56.0,45.0,49.0,51.0,14.65,14.61,14.53,236.4
2016-08-30,37.0,33.0,38.0,59.0,55.0,59.0,64.13,63.43,64.15,0.0
2016-08-31,57.0,49.0,58.0,53.0,51.0,53.0,36.69,36.7,37.52,167.6
2016-09-01,62.0,56.0,62.0,57.0,53.0,57.0,45.7,45.23,45.45,164.2
2016-09-02,60.0,54.0,60.0,62.0,57.0,61.0,38.6,37.46,38.37,166.5
2016-09-03,56.0,53.0,57.0,62.0,59.0,60.0,33.04,32.72,32.52,173.0
2016-09-04,70.0,61.0,69.0,51.0,50.0,53.0,49.4,48.91,48.77,175.0
2016-09-05,56.0,50.0,60.0,52.0,48.0,52.0,36.96,36.6,36.51,172.8
2016-09-06,55.0,50.0,54.0,49.0,44.0,50.0,35.39,35.06,34.91,170.0
2016-09-07,62.0,49.0,64.0,58.0,52.0,58.0,50.35,49.61,49.81,118.2
2016-09-08,63.0,53.0,64.0,59.0,54.0,59.0,20.38,20.16,20.26,132.5
2016-09-09,63.0,56.0,64.0,57.0,53.0,58.0,49.54,48.72,48.69,151.9
2016-09-10,62.0,54.0,62.0,61.0,57.0,62.0,51.11,50.02,50.02,143.4
2016-09-11,63.0,55.0,63.0,55.0,53.0,56.0,49.64,48.52,48.7,170.3
2016-09-12,61.0,58.0,64.0,58.0,56.0,62.0,65.32,64.22,64.31,119.8
2016-09-13,61.0,56.0,61.0,56.0,55.0,57.0,46.01,45.82,45.93,173.2
2016-09-14,65.0,61.0,66.0,58.0,56.0,59.0,45.97,45.42,45.43,177.5
2016-09-15,61.0,54.0,61.0,56.0,52.0,58.0,45.98,45.46,45.44,170.7
2016-09-16,65.0,58.0,65.0,59.0,55.0,60.0,52.76,51.8,52.11,153.8
2016-09-17,63.0,55.0,63.0,62.0,58.0,64.0,51.82,50.91,50.97,158.1
2016-09-18,64.0,58.0,66.0,56.0,53.0,57.0,51.36,50.66,50.53,177.4
2016-09-19,60.0,55.0,59.0,58.0,58.0,58.0,31.02,30.63,30.53,211.2
2016-09-20,59.0,55.0,56.0,51.0,49.0,51.0,50.81,49.85,49.98,144.8
2016-09-21,61.0,54.0,57.0,52.0,46.0,52.0,42.01,41.27,41.32,176.9
2016-09-22,62.0,55.0,67.0,60.0,58.0,60.0,50.24,49.11,49.29,150.2
2016-09-23,64.0,57.0,61.0,63.0,59.0,62.0,56.22,55.88,55.94,128.6
2016-09-24,67.0,60.0,63.0,57.0,52.0,56.0,44.36,43.76,43.66,175.1
2016-09-25,60.0,56.0,59.0,59.0,55.0,59.0,36.45,36.11,36.04,171.3
2016-09-26,59.0,50.0,59.0,49.0,47.0,50.0,38.78,38.25,39.21,172.2
2016-09-27,65.0,57.0,64.0,65.0,59.0,65.0,57.85,57.21,55.62,122.8
2016-09-28,66.0,58.0,65.0,60.0,54.0,59.0,65.12,64.43,63.86,133.6
2016-09-29,62.0,57.0,60.0,57.0,55.0,58.0,48.82,49.32,46.55,177.8
2016-09-30,64.0,59.0,64.0,61.0,60.0,61.0,65.96,64.34,64.56,156.6
2016-10-01,60.0,59.0,60.0,58.0,57.0,58.0,34.16,33.83,33.85,201.7
2016-10-02,60.0,58.0,56.0,42.0,51.0,52.0,53.16,52.83,53.12,153.2
2016-10-03,49.0,53.0,55.0,53.0,52.0,54.0,42.48,41.48,41.54,175.0
2016-10-04,64.0,60.0,65.0,69.0,65.0,69.0,50.76,50.19,50.5,159.7
2016-10-05,72.0,66.0,72.0,57.0,52.0,57.0,53.59,52.92,53.07,180.3
2016-10-06,62.0,55.0,61.0,58.0,57.0,58.0,49.54,49.73,50.59,160.3
2016-10-07,67.0,59.0,65.0,57.0,54.0,56.0,52.33,51.59,52.14,183.7
2016-10-08,63.0,58.0,61.0,58.0,54.0,57.0,49.59,44.12,45.47,184.6
2016-10-09,63.0,59.0,62.0,54.0,51.0,53.0,48.82,45.19,44.67,192.0
2016-10-10,61.0,56.0,62.0,62.0,62.0,62.0,61.92,60.91,62.7,138.7
2016-10-11,73.0,70.0,70.0,78.0,77.0,78.0,51.78,52.41,52.81,164.3
2016-10-12,80.0,74.0,76.0,56.0,59.0,72.0,63.03,62.32,62.74,183.7
2016-10-13,58.0,57.0,70.0,62.0,57.0,57.0,80.04,78.92,80.27,103.3
2016-10-14,63.0,58.0,62.0,52.0,49.0,51.0,48.89,50.34,52.54,185.6
2016-10-15,60.0,55.0,59.0,54.0,51.0,54.0,50.11,47.09,47.53,185.1
2016-10-16,60.0,54.0,59.0,54.0,49.0,53.0,48.76,47.88,48.4,188.2
2016-10-17,61.0,56.0,59.0,52.0,53.0,55.0,58.51,57.76,58.25,143.9
2016-10-18,62.0,58.0,65.0,61.0,56.0,63.0,65.46,64.66,65.37,132.2
2016-10-19,64.0,58.0,68.0,61.0,57.0,60.0,56.0,55.64,56.81,159.8
2016-10-20,66.0,63.0,63.0,63.0,61.0,66.0,45.74,45.24,45.44,176.3
2016-10-21,66.0,61.0,68.0,57.0,54.0,58.0,47.55,46.94,47.25,176.0
2016-10-22,65.0,57.0,63.0,59.0,54.0,58.0,50.92,50.63,52.93,172.6
2016-10-23,66.0,58.0,70.0,58.0,55.0,62.0,68.09,67.28,68.21,137.3
2016-10-24,64.0,58.0,63.0,60.0,57.0,60.0,68.73,67.59,68.41,131.5
2016-10-25,67.0,61.0,67.0,63.0,59.0,63.0,52.13,51.11,51.86,180.3
2016-10-26,67.0,66.0,68.0,57.0,54.0,57.0,32.85,32.51,32.67,237.8
2016-10-27,53.0,45.0,57.0,43.0,51.0,51.0,54.83,53.83,54.76,121.6
2016-10-28,55.0,56.0,60.0,57.0,56.0,55.0,61.9,60.8,61.71,121.2
2016-10-29,63.0,61.0,65.0,58.0,57.0,58.0,81.8,80.58,81.74,87.4
2016-10-30,64.0,60.0,63.0,55.0,54.0,55.0,69.46,68.38,69.13,122.7
2016-10-31,63.0,60.0,63.0,63.0,64.0,63.0,78.08,76.79,78.74,80.4
2016-11-01,65.0,62.0,66.0,58.0,58.0,58.0,75.01,73.65,75.02,120.8
2016-11-02,64.0,61.0,67.0,53.0,54.0,56.0,59.22,60.19,61.77,150.6
2016-11-03,62.0,60.0,62.0,63.0,60.0,62.0,58.67,57.81,58.31,129.8
2016-11-04,66.0,60.0,65.0,63.0,61.0,63.0,59.86,58.7,59.65,155.0
2016-11-05,64.0,60.0,63.0,58.0,57.0,58.0,60.35,57.01,57.38,178.2
2016-11-06,65.0,60.0,65.0,55.0,53.0,54.0,62.48,59.78,59.31,182.2
2016-11-07,61.0,57.0,60.0,56.0,54.0,56.0,54.45,52.21,52.63,186.9
2016-11-08,61.0,57.0,62.0,50.0,48.0,56.0,51.56,49.78,51.73,185.0
2016-11-09,57.0,54.0,60.0,58.0,56.0,57.0,59.52,59.02,59.34,133.7
2016-11-10,65.0,59.0,66.0,54.0,54.0,56.0,70.44,69.2,69.28,132.3
2016-11-11,80.0,75.0,83.0,29.0,30.0,30.0,52.26,51.61,51.96,269.3
2016-11-12,30.0,26.0,30.0,52.0,48.0,52.0,50.05,53.67,62.84,57.3
2016-11-13,50.0,46.0,49.0,61.0,58.0,62.0,84.4,83.24,83.84,0.0
2016-11-14,72.0,67.0,72.0,58.0,57.0,59.0,69.22,66.54,67.25,131.6
2016-11-15,67.0,62.0,67.0,64.0,62.0,63.0,70.19,71.43,72.1,106.0
2016-11-16,69.0,64.0,69.0,63.0,62.0,64.0,78.61,77.38,77.92,90.1
2016-11-17,56.0,52.0,56.0,61.0,60.0,60.0,54.77,54.06,54.35,115.8
2016-11-18,66.0,62.0,66.0,49.0,45.0,48.0,52.85,56.65,59.9,166.8
2016-11-19,67.0,57.0,65.0,59.0,56.0,58.0,102.57,101.18,102.55,0.0
2016-11-20,67.0,61.0,67.0,59.0,58.0,59.0,84.9,84.3,86.79,58.2
2016-11-21,42.0,40.0,42.0,61.0,59.0,67.0,76.1,75.19,75.62,0.0
2016-11-22,72.0,71.0,71.0,54.0,52.0,57.0,31.65,31.3,31.4,254.9
2016-11-23,52.0,47.0,54.0,51.0,60.0,52.0,50.03,49.48,49.51,120.8
2016-11-24,63.0,63.0,71.0,49.0,49.0,49.0,51.0,51.14,51.68,173.2
2016-11-25,65.0,60.0,67.0,61.0,58.0,60.0,92.99,91.69,91.78,33.6
2016-11-26,71.0,63.0,70.0,63.0,60.0,62.0,70.06,69.98,71.14,119.0
2016-11-27,69.0,64.0,71.0,60.0,58.0,60.0,88.2,87.05,87.64,68.5
2016-11-28,60.0,58.0,61.0,48.0,45.0,47.0,52.04,51.41,51.48,158.4
2016-11-29,48.0,44.0,50.0,57.0,56.0,58.0,69.29,68.52,68.69,32.7
2016-11-30,40.0,37.0,41.0,58.0,55.0,56.0,71.93,71.26,71.41,0.0
2016-12-01,74.0,65.0,76.0,45.0,44.0,46.0,70.66,71.55,72.97,134.1
2016-12-02,63.0,55.0,63.0,59.0,56.0,59.0,96.04,94.93,95.78,0.0
2016-12-03,68.0,61.0,68.0,79.0,71.0,79.0,51.65,50.26,50.62,145.8
2016-12-04,87.0,84.0,87.0,48.0,45.0,49.0,67.42,68.0,68.7,236.3
2016-12-05,30.0,34.0,31.0,43.0,45.0,43.0,44.95,45.89,46.67,126.1
2016-12-06,60.0,56.0,58.0,61.0,59.0,65.0,86.54,85.62,86.55,45.8
2016-12-07,71.0,64.0,76.0,53.0,53.0,53.0,64.78,64.77,64.74,177.0
2016-12-08,48.0,45.0,48.0,64.0,62.0,64.0,70.49,69.81,70.13,59.9
2016-12-09,68.0,67.0,68.0,52.0,49.0,52.0,35.32,34.96,34.92,243.9
2016-12-10,81.0,74.0,83.0,45.0,46.0,45.0,23.6,23.4,23.37,334.3
2016-12-11,50.0,51.0,50.0,63.0,69.0,65.0,85.75,84.8,85.03,0.0
2016-12-12,56.0,51.0,57.0,58.0,59.0,58.0,94.21,93.13,93.49,0.599999999999
2016-12-13,66.0,63.0,67.0,53.0,53.0,53.0,72.05,72.01,73.45,108.5
2016-12-14,59.0,54.0,58.0,55.0,55.0,55.0,93.82,92.78,93.15,0.0
2016-12-15,64.0,60.0,64.0,55.0,55.0,56.0,85.99,85.41,86.38,51.1
2016-12-16,64.0,60.0,64.0,49.0,48.0,48.0,105.25,104.57,105.56,0.0
2016-12-17,58.0,55.0,57.0,61.0,63.0,59.0,82.01,81.73,82.86,50.0
2016-12-18,63.0,60.0,61.0,52.0,53.0,52.0,68.28,67.45,70.37,119.4
2016-12-19,61.0,59.0,59.0,61.0,63.0,60.0,76.44,76.51,77.89,65.5
2016-12-20,64.0,62.0,62.0,54.0,55.0,52.0,64.46,63.23,63.28,132.4
2016-12-21,63.0,62.0,60.0,61.0,63.0,60.0,79.65,80.46,83.6,76.2
2016-12-22,70.0,67.0,68.0,59.0,57.0,58.0,54.95,57.34,58.44,186.5
2016-12-23,64.0,60.0,63.0,56.0,57.0,56.0,50.18,50.64,50.85,181.6
2016-12-24,64.0,59.0,62.0,59.0,59.0,62.0,54.39,54.65,56.09,185.0
2016-12-25,64.0,64.0,67.0,57.0,59.0,56.0,55.11,57.57,56.56,203.2
2016-12-26,61.0,61.0,60.0,52.0,53.0,52.0,55.63,58.24,57.26,187.8
2016-12-27,57.0,55.0,55.0,57.0,56.0,59.0,37.2,36.95,37.13,174.6
2016-12-28,61.0,57.0,62.0,53.0,51.0,55.0,43.73,43.23,43.21,181.4
2016-12-29,52.0,47.0,51.0,62.0,61.0,62.0,77.13,76.19,76.24,33.0
2016-12-30,73.0,70.0,72.0,56.0,56.0,57.0,71.96,69.49,68.09,152.1
2016-12-31,69.0,63.0,66.0,63.0,60.0,62.0,69.43,72.03,73.77,129.0
2017-01-01,68.0,64.0,67.0,56.0,55.0,56.0,58.15,57.95,57.04,201.0
2017-01-02,64.0,60.0,62.0,53.0,51.0,52.0,48.16,47.64,48.27,193.9
2017-01-03,59.0,53.0,57.0,60.0,59.0,62.0,94.55,93.81,94.65,0.0
2017-01-04,68.0,62.0,67.0,56.0,54.0,59.0,71.28,70.85,71.09,103.1
2017-01-05,67.0,56.0,57.0,57.0,53.0,52.0,55.62,54.83,55.34,98.9
2017-01-06,67.0,63.0,64.0,60.0,60.0,61.0,67.13,66.3,66.26,106.0
2017-01-07,69.0,65.0,68.0,58.0,53.0,58.0,65.69,66.27,67.09,118.2
2017-01-08,60.0,51.0,58.0,57.0,54.0,59.0,96.41,95.21,94.92,0.0
2017-01-09,62.0,59.0,62.0,61.0,60.0,61.0,102.72,101.89,103.35,0.0
2017-01-10,63.0,59.0,61.0,63.0,62.0,64.0,88.11,87.36,88.21,26.9
2017-01-11,53.0,48.0,53.0,53.0,54.0,52.0,76.82,76.21,76.59,43.6
2017-01-12,58.0,54.0,57.0,62.0,59.0,65.0,67.0,66.18,66.86,69.1
2017-01-13,73.0,64.0,67.0,53.0,47.0,45.0,72.59,74.26,74.98,115.1
2017-01-14,63.0,55.0,58.0,53.0,53.0,60.0,95.63,95.98,96.59,0.0
2017-01-15,55.0,51.0,55.0,59.0,58.0,58.0,88.07,87.58,88.13,0.0
2017-01-16,67.0,63.0,65.0,58.0,58.0,58.0,86.93,86.07,86.56,51.9
2017-01-17,64.0,44.0,45.0,45.0,43.0,44.0,36.46,35.74,35.85,194.3
2017-01-18,70.0,60.0,64.0,61.0,55.0,57.0,106.89,105.86,106.96,0.0
2017-01-19,70.0,61.0,63.0,62.0,59.0,59.0,104.33,104.04,104.95,0.0
2017-01-20,70.0,66.0,68.0,64.0,60.0,61.0,87.15,86.66,88.42,70.9
2017-01-21,51.0,47.0,49.0,64.0,60.0,63.0,88.16,87.47,88.44,0.0
2017-01-22,77.0,68.0,71.0,52.0,51.0,52.0,68.35,68.21,69.17,155.0
2017-01-23,65.0,61.0,67.0,67.0,63.0,65.0,74.49,73.87,73.99,80.9
2017-01-24,72.0,64.0,68.0,58.0,53.0,57.0,59.91,59.15,59.89,137.0
2017-01-25,53.0,49.0,52.0,57.0,52.0,55.0,87.08,86.42,86.7,0.0
2017-01-26,66.0,58.0,65.0,55.0,52.0,54.0,101.24,100.48,101.63,0.0
2017-01-27,62.0,54.0,60.0,57.0,53.0,56.0,94.12,94.08,95.49,0.0
2017-01-28,64.0,57.0,61.0,58.0,54.0,55.0,100.42,96.99,96.1,0.0
2017-01-29,64.0,57.0,62.0,57.0,53.0,56.0,99.2,98.32,99.19,0.0
2017-01-30,60.0,53.0,58.0,59.0,57.0,59.0,96.69,94.92,97.45,0.0
2017-01-31,65.0,60.0,64.0,61.0,59.0,61.0,102.46,101.24,102.0,0.0
2017-02-01,59.0,57.0,59.0,61.0,57.0,59.0,65.68,64.79,65.38,99.3
2017-02-02,76.0,65.0,77.0,49.0,48.0,51.0,69.81,67.34,66.05,160.1
2017-02-03,49.0,46.0,48.0,65.0,60.0,64.0,83.6,82.5,83.32,0.0
2017-02-04,92.0,81.0,92.0,61.0,56.0,60.0,97.96,96.94,97.79,103.3
2017-02-05,74.0,65.0,73.0,45.0,42.0,45.0,57.97,57.17,57.54,192.7
2017-02-06,36.0,36.0,37.0,48.0,47.0,48.0,43.41,43.05,43.13,112.4
2017-02-07,52.0,49.0,51.0,46.0,46.0,46.0,52.97,51.99,52.6,128.9
2017-02-08,48.0,44.0,48.0,59.0,56.0,60.0,83.66,82.76,83.45,0.0
2017-02-09,56.0,53.0,57.0,61.0,58.0,60.0,91.93,90.71,91.42,0.0
2017-02-10,81.0,72.0,78.0,64.0,60.0,63.0,54.75,54.27,53.83,178.9
2017-02-11,63.0,62.0,64.0,50.0,45.0,49.0,56.59,56.03,56.21,150.5
2017-02-12,39.0,35.0,40.0,56.0,57.0,54.0,70.86,69.89,70.07,0.0
2017-02-13,77.0,65.0,70.0,61.0,59.0,59.0,109.79,108.62,109.28,0.0
2017-02-14,70.0,63.0,67.0,66.0,62.0,64.0,107.8,106.47,107.22,0.0
2017-02-15,69.0,66.0,68.0,51.0,49.0,50.0,73.2,72.31,72.87,125.8
2017-02-16,47.0,45.0,48.0,50.0,48.0,52.0,59.48,58.77,58.79,85.3
2017-02-17,29.0,27.0,30.0,53.0,51.0,53.0,44.48,44.17,44.29,53.1
2017-02-18,75.0,70.0,73.0,36.0,37.0,37.0,38.69,38.3,38.32,259.8
2017-02-19,32.0,31.0,32.0,60.0,64.0,60.0,60.63,60.06,60.09,1.8
2017-02-20,69.0,63.0,66.0,54.0,52.0,53.0,55.45,55.8,56.06,153.0
2017-02-21,65.0,59.0,64.0,59.0,57.0,58.0,99.43,98.78,100.62,0.0
2017-02-22,66.0,61.0,63.0,62.0,60.0,60.0,101.27,100.6,101.12,0.0
2017-02-23,65.0,60.0,63.0,62.0,60.0,60.0,76.44,75.99,76.44,64.4
2017-02-24,68.0,62.0,65.0,62.0,59.0,60.0,102.57,101.99,102.1,0.0
2017-02-25,70.0,63.0,65.0,63.0,64.0,61.0,65.2,64.54,64.77,111.7
2017-02-26,53.0,53.0,54.0,65.0,57.0,61.0,69.97,69.04,69.23,57.1
2017-02-27,75.0,63.0,67.0,48.0,49.0,47.0,53.41,52.84,53.22,187.2
2017-02-28,32.0,30.0,32.0,60.0,57.0,59.0,63.27,62.72,62.89,0.0
2017-03-01,81.0,75.0,76.0,47.0,46.0,45.0,54.97,54.57,54.9,193.7
2017-03-02,68.0,62.0,62.0,59.0,58.0,56.0,68.24,67.83,67.66,105.3
2017-03-03,55.0,51.0,51.0,66.0,62.0,66.0,29.4,29.15,29.19,92.1
2017-03-04,76.0,69.0,75.0,51.0,52.0,50.0,54.05,53.99,53.74,194.7
2017-03-05,70.0,63.0,65.0,62.0,59.0,61.0,43.55,43.03,43.76,169.3
2017-03-06,66.0,63.0,65.0,68.0,67.0,65.0,45.19,45.05,45.12,156.3
2017-03-07,71.0,65.0,66.0,56.0,55.0,52.0,63.57,66.92,69.69,131.0
2017-03-08,72.0,66.0,63.0,64.0,61.0,60.0,74.63,75.14,77.18,99.3
2017-03-09,72.0,66.0,66.0,63.0,61.0,60.0,93.63,90.1,89.74,34.6
2017-03-10,54.0,50.0,52.0,75.0,71.0,78.0,51.32,50.86,51.18,72.2
2017-03-11,82.0,72.0,76.0,47.0,49.0,55.0,58.53,58.62,58.7,186.9
2017-03-12,61.0,58.0,71.0,55.0,52.0,52.0,41.64,39.13,39.09,200.8
2017-03-13,73.0,65.0,68.0,62.0,60.0,64.0,99.78,98.91,99.81,0.0
2017-03-14,63.0,59.0,61.0,61.0,59.0,60.0,94.33,93.56,93.75,0.0
2017-03-15,51.0,48.0,51.0,61.0,57.0,60.0,42.44,41.96,42.13,117.2
2017-03-16,63.0,58.0,59.0,47.0,49.0,51.0,49.43,48.77,49.02,146.4
2017-03-17,68.0,60.0,67.0,47.0,45.0,47.0,51.55,46.0,46.52,168.0
2017-03-18,67.0,58.0,64.0,59.0,54.0,59.0,97.22,92.22,95.24,0.0
2017-03-19,69.0,61.0,66.0,58.0,54.0,57.0,98.5,97.84,98.73,0.0
2017-03-20,65.0,58.0,62.0,62.0,58.0,61.0,94.6,94.85,96.07,0.0
2017-03-21,71.0,63.0,67.0,58.0,55.0,60.0,47.69,47.64,47.85,172.5
2017-03-22,58.0,57.0,58.0,54.0,50.0,51.0,51.8,51.37,51.44,134.8
2017-03-23,37.0,35.0,37.0,57.0,55.0,56.0,53.12,52.45,52.46,43.9
2017-03-24,55.0,53.0,56.0,50.0,50.0,50.0,52.47,51.96,51.99,108.2
2017-03-25,71.0,65.0,64.0,52.0,52.0,53.0,74.59,74.2,74.5,79.8
2017-03-26,75.0,64.0,72.0,58.0,54.0,61.0,55.26,62.45,62.58,140.3
2017-03-27,44.0,44.0,45.0,60.0,57.0,59.0,18.81,18.68,18.62,160.9
2017-03-28,91.0,80.0,82.0,56.0,53.0,56.0,71.01,70.03,70.27,136.7
2017-03-29,74.0,65.0,72.0,65.0,59.0,62.0,74.8,74.28,74.39,77.4
2017-03-30,57.0,54.0,56.0,62.0,60.0,61.0,32.28,31.89,31.91,164.7
2017-03-31,56.0,55.0,56.0,57.0,55.0,57.0,48.43,48.13,48.14,116.8
2017-04-01,83.0,74.0,76.0,61.0,61.0,60.0,38.21,38.46,38.94,217.9
2017-04-02,61.0,59.0,61.0,55.0,53.0,53.0,32.3,32.0,31.97,194.9
2017-04-03,64.0,64.0,63.0,48.0,46.0,49.0,25.77,25.56,25.56,226.3
2017-04-04,42.0,38.0,42.0,55.0,52.0,55.0,38.42,38.07,38.11,99.2
2017-04-05,53.0,47.0,50.0,53.0,55.0,53.0,43.28,42.81,42.96,127.4
2017-04-06,60.0,57.0,60.0,54.0,55.0,56.0,55.14,54.68,54.82,108.1
2017-04-07,68.0,66.0,67.0,48.0,49.0,52.0,47.08,46.61,46.64,180.5
2017-04-08,41.0,38.0,43.0,54.0,58.0,57.0,41.33,41.02,41.04,94.5
2017-04-09,90.0,80.0,80.0,56.0,54.0,54.0,34.75,34.39,34.38,239.8
2017-04-10,74.0,64.0,68.0,56.0,54.0,55.0,34.79,34.58,34.62,192.9
2017-04-11,70.0,61.0,65.0,66.0,58.0,60.0,57.04,56.57,56.3,101.9
2017-04-12,77.0,64.0,69.0,59.0,55.0,58.0,98.83,98.02,99.43,2.6
2017-04-13,69.0,62.0,66.0,58.0,54.0,57.0,92.74,92.24,92.05,4.4
2017-04-14,53.0,50.0,51.0,61.0,58.0,62.0,79.0,78.47,78.7,0.0
2017-04-15,72.0,65.0,76.0,51.0,50.0,53.0,66.02,66.57,66.51,126.5
2017-04-16,100.0,97.0,96.0,79.0,72.0,76.0,38.29,37.93,38.01,295.7
2017-04-17,22.0,17.0,21.0,41.0,44.0,42.0,40.74,40.38,40.45,0.0
2017-04-18,72.0,70.0,71.0,53.0,52.0,51.0,31.32,30.98,31.04,223.9
2017-04-19,58.0,56.0,57.0,59.0,55.0,60.0,21.36,21.27,21.25,204.6
2017-04-20,57.0,47.0,54.0,51.0,50.0,53.0,53.56,53.27,53.41,91.3
2017-04-21,55.0,49.0,54.0,49.0,50.0,49.0,49.42,48.84,48.91,97.9
2017-04-22,62.0,58.0,60.0,54.0,54.0,55.0,49.63,49.04,49.14,123.8
2017-04-23,61.0,59.0,61.0,52.0,51.0,50.0,33.53,33.19,33.28,193.4
2017-04-24,58.0,57.0,58.0,47.0,45.0,47.0,32.14,31.81,31.83,189.4
2017-04-25,62.0,49.0,57.0,57.0,54.0,58.0,62.82,62.39,62.56,62.3
2017-04-26,59.0,55.0,57.0,60.0,59.0,60.0,34.57,34.2,34.32,154.5
2017-04-27,69.0,65.0,82.0,48.0,49.0,55.0,56.29,55.51,55.49,149.1
2017-04-28,63.0,59.0,74.0,53.0,52.0,56.0,72.75,76.61,76.88,55.1
2017-04-29,68.0,63.0,67.0,59.0,58.0,61.0,60.29,59.93,59.93,96.8
2017-04-30,63.0,59.0,61.0,58.0,55.0,58.0,36.17,35.8,35.87,154.5
2017-05-01,69.0,63.0,69.0,58.0,57.0,60.0,48.28,48.74,48.38,148.7
2017-05-02,42.0,40.0,42.0,58.0,54.0,56.0,53.82,53.39,53.32,43.3
2017-05-03,79.0,73.0,75.0,52.0,52.0,53.0,71.44,70.7,70.82,112.6
2017-05-04,68.0,62.0,70.0,56.0,56.0,57.0,52.14,51.29,51.16,130.9
2017-05-05,64.0,62.0,63.0,49.0,47.0,48.0,19.02,18.87,18.89,235.6
2017-05-06,62.0,61.0,62.0,47.0,45.0,46.0,25.7,25.55,25.52,223.6
2017-05-07,69.0,62.0,68.0,49.0,49.0,50.0,62.4,62.3,62.36,113.1
2017-05-08,53.0,46.0,52.0,65.0,60.0,64.0,62.11,64.72,66.32,34.6
2017-05-09,81.0,72.0,77.0,61.0,54.0,58.0,56.28,55.55,55.65,150.4
2017-05-10,51.0,50.0,50.0,61.0,56.0,57.0,20.43,20.32,20.32,165.8
2017-05-11,75.0,63.0,70.0,54.0,48.0,51.0,13.04,12.98,12.95,267.5
2017-05-12,80.0,68.0,74.0,59.0,53.0,56.0,58.83,59.0,59.35,134.0
2017-05-13,80.0,70.0,76.0,46.0,43.0,43.0,71.05,70.33,70.58,150.2
2017-05-14,51.0,49.0,51.0,53.0,50.0,53.0,32.9,32.5,32.55,179.5
2017-05-15,46.0,46.0,47.0,57.0,55.0,55.0,25.42,25.14,25.19,186.2
2017-05-16,45.0,43.0,44.0,72.0,70.0,71.0,36.6,36.21,36.31,103.8
2017-05-17,104.0,96.0,100.0,50.0,49.0,53.0,26.33,26.08,26.14,337.2
2017-05-18,29.0,29.0,31.0,57.0,58.0,56.0,54.17,54.04,53.77,0.0
2017-05-19,58.0,53.0,56.0,51.0,56.0,52.0,27.23,26.94,26.99,183.9
2017-05-20,71.0,70.0,71.0,48.0,49.0,48.0,23.75,23.58,23.56,257.9
2017-05-21,35.0,37.0,35.0,55.0,50.0,58.0,27.01,26.75,26.8,106.8
2017-05-22,65.0,61.0,64.0,45.0,49.0,48.0,23.52,23.36,23.38,227.1
2017-05-23,47.0,44.0,51.0,55.0,54.0,54.0,26.8,26.54,26.51,156.6
2017-05-24,71.0,68.0,70.0,55.0,53.0,50.0,53.79,53.39,53.47,141.8
2017-05-25,73.0,67.0,71.0,56.0,55.0,59.0,70.47,69.78,69.69,92.3
2017-05-26,73.0,68.0,72.0,50.0,52.0,51.0,19.32,19.13,19.14,270.1
2017-05-27,80.0,76.0,79.0,43.0,43.0,43.0,25.42,25.2,25.23,309.9
2017-05-28,41.0,40.0,42.0,57.0,54.0,54.0,22.01,21.89,21.88,166.3
2017-05-29,65.0,60.0,61.0,67.0,67.0,66.0,22.2,22.08,22.11,184.3
2017-05-30,62.0,60.0,60.0,57.0,55.0,55.0,27.12,26.86,26.91,198.4
2017-05-31,69.0,63.0,67.0,53.0,52.0,52.0,63.18,62.8,63.03,106.0
2017-06-01,62.0,57.0,60.0,52.0,47.0,46.0,44.47,43.96,44.11,150.1
2017-06-02,67.0,56.0,57.0,57.0,53.0,52.0,55.62,54.83,55.34,98.9
2017-06-03,66.0,61.0,62.0,57.0,55.0,53.0,63.65,63.15,63.31,93.1
2017-06-04,47.0,45.0,46.0,61.0,59.0,58.0,25.83,25.64,25.63,150.6
2017-06-05,84.0,82.0,81.0,46.0,44.0,41.0,19.46,19.32,19.3,325.9
2017-06-06,44.0,42.0,43.0,54.0,54.0,55.0,21.44,21.31,21.27,160.2
2017-06-07,77.0,72.0,76.0,50.0,48.0,48.0,20.84,20.84,20.7,287.3
2017-06-08,48.0,42.0,42.0,60.0,61.0,56.0,61.14,60.84,60.81,28.1
2017-06-09,69.0,63.0,63.0,54.0,53.0,51.0,47.66,47.74,47.47,149.2
2017-06-10,62.0,57.0,57.0,52.0,50.0,48.0,45.4,45.07,45.21,148.1
2017-06-11,64.0,60.0,63.0,53.0,52.0,51.0,51.04,50.92,50.82,133.9
2017-06-12,60.0,55.0,55.0,54.0,52.0,51.0,40.65,39.91,40.28,147.0
2017-06-13,66.0,61.0,60.0,54.0,52.0,49.0,47.6,47.49,46.69,144.9
2017-06-14,65.0,63.0,64.0,55.0,53.0,51.0,23.04,22.75,22.76,231.1
2017-06-15,53.0,49.0,48.0,61.0,60.0,58.0,46.87,46.9,46.66,91.7
2017-06-16,73.0,67.0,67.0,55.0,54.0,53.0,67.12,65.01,67.5,110.9
2017-06-17,66.0,61.0,60.0,56.0,54.0,52.0,51.51,51.37,51.64,148.0
2017-06-18,58.0,55.0,55.0,66.0,61.0,61.0,42.49,41.93,42.2,129.0
2017-06-19,71.0,70.0,71.0,53.0,50.0,51.0,27.21,26.98,27.03,243.0
2017-06-20,48.0,44.0,45.0,57.0,62.0,61.0,50.99,50.74,50.83,59.4
2017-06-21,79.0,74.0,78.0,51.0,49.0,49.0,62.96,62.71,62.26,154.7
2017-06-22,65.0,59.0,60.0,53.0,53.0,50.0,53.83,53.94,53.74,128.7
2017-06-23,62.0,58.0,58.0,55.0,54.0,51.0,50.88,50.21,50.58,127.0
2017-06-24,65.0,63.0,61.0,64.0,61.0,59.0,61.14,60.69,60.85,99.3
2017-06-25,67.0,62.0,64.0,59.0,57.0,54.0,52.65,52.4,52.3,147.7
2017-06-26,68.0,64.0,66.0,53.0,54.0,51.0,43.83,43.77,43.67,191.0
2017-06-27,56.0,52.0,53.0,67.0,64.0,63.0,57.5,57.7,57.75,84.7
2017-06-28,77.0,76.0,77.0,49.0,48.0,46.0,18.07,18.0,17.95,311.3
2017-06-29,63.0,54.0,49.0,63.0,59.0,59.0,37.51,37.61,37.53,137.6
2017-06-30,62.0,57.0,58.0,61.0,60.0,58.0,42.49,42.33,42.41,142.8
2017-07-01,58.0,58.0,59.0,54.0,52.0,51.0,36.71,36.93,36.59,173.0
2017-07-02,71.0,62.0,64.0,53.0,52.0,53.0,61.16,60.32,60.41,117.5
2017-07-03,54.0,52.0,53.0,54.0,52.0,49.0,39.66,39.54,39.66,141.4
2017-07-04,69.0,61.0,63.0,48.0,47.0,51.0,52.57,54.65,52.33,146.4
2017-07-05,61.0,57.0,57.0,51.0,50.0,45.0,47.05,46.9,47.3,141.7
2017-07-06,62.0,57.0,55.0,54.0,50.0,50.0,45.56,45.6,46.58,141.2
2017-07-07,66.0,64.0,66.0,54.0,52.0,50.0,29.49,29.33,29.41,229.9
2017-07-08,73.0,72.0,71.0,68.0,67.0,65.0,11.92,11.85,11.81,267.9
2017-07-09,72.0,66.0,66.0,50.0,52.0,50.0,29.27,29.15,29.18,245.6
2017-07-10,33.0,31.0,33.0,66.0,63.0,64.0,59.01,58.36,58.52,1.59999999999
2017-07-11,76.0,68.0,71.0,54.0,50.0,51.0,60.34,60.53,60.77,146.6
2017-07-12,68.0,63.0,63.0,51.0,52.0,51.0,59.88,61.02,59.84,124.7
2017-07-13,64.0,59.0,57.0,54.0,53.0,49.0,52.87,51.3,49.72,140.0
2017-07-14,67.0,64.0,60.0,58.0,57.0,51.0,53.11,52.78,52.48,140.2
2017-07-15,64.0,61.0,57.0,55.0,55.0,51.0,53.06,52.67,52.87,140.7
2017-07-16,76.0,75.0,76.0,53.0,51.0,50.0,15.7,15.58,15.6,300.5
2017-07-17,63.0,61.0,57.0,63.0,62.0,62.0,27.19,25.53,25.66,189.1
2017-07-18,53.0,52.0,53.0,52.0,53.0,49.0,63.41,59.81,60.16,73.0
2017-07-19,59.0,54.0,53.0,47.0,48.0,44.0,47.04,44.12,44.32,137.0
2017-07-20,57.0,54.0,51.0,50.0,49.0,46.0,43.88,41.2,41.42,136.8
2017-07-21,59.0,56.0,54.0,50.0,50.0,45.0,45.07,44.5,44.54,139.6
2017-07-22,57.0,56.0,56.0,55.0,52.0,50.0,45.89,44.91,44.89,148.4
2017-07-23,65.0,60.0,59.0,52.0,52.0,51.0,54.2,53.22,54.3,138.1
2017-07-24,60.0,59.0,57.0,53.0,53.0,49.0,49.14,48.33,49.17,145.9
2017-07-25,66.0,65.0,61.0,58.0,58.0,55.0,59.85,59.57,60.4,115.3
2017-07-26,63.0,61.0,60.0,56.0,54.0,53.0,53.41,52.77,52.64,146.7
2017-07-27,65.0,61.0,61.0,56.0,55.0,52.0,57.8,52.87,51.61,141.5
2017-07-28,63.0,62.0,62.0,53.0,54.0,54.0,61.32,56.14,53.93,139.2
2017-07-29,61.0,60.0,60.0,57.0,57.0,53.0,60.84,55.46,49.87,142.6
2017-07-30,65.0,66.0,63.0,61.0,59.0,57.0,55.98,54.34,54.52,145.8
2017-07-31,69.0,67.0,66.0,56.0,58.0,53.0,61.36,60.31,60.69,142.5
